User ID,Name,Timestamp,Verification Mode,In/Out State,Device ID
2,Ferdinand Ramos,2026-09-30 08:47:51,Fingerprint,Check-In,1
2,Ferdinand Ramos,2026-09-30 16:31:18,Fingerprint,Check-Out,1
3,Arnel Garcia,2026-09-30 08:58:06,Face,Check-In,1
3,Arnel Garcia,2026-09-30 08:58:31,Face,Check-In,1
3,Arnel Garcia,2026-09-30 18:00:44,Face,Check-Out,1
4,Jose Reyes,2026-09-30 09:03:12,Fingerprint,Check-In,1
5,Carlo Salazar,2026-09-30 08:55:29,Card,Check-In,1
5,Carlo Salazar,2026-09-30 18:30:02,Card,Check-Out,1
5,Carlo Salazar,2026-09-30 19:00:15,Card,OT-In,1
5,Carlo Salazar,2026-09-30 21:02:47,Card,OT-Out,1
6,Noel Castillo,2026-09-30 08:52:14,Fingerprint,Check-In,1
6,Noel Castillo,2026-09-30 12:01:40,Fingerprint,Break-Out,1
6,Noel Castillo,2026-09-30 12:58:03,Fingerprint,Break-In,1
6,Noel Castillo,2026-09-30 18:04:22,Fingerprint,Check-Out,1
7,Bryan Torres,2026-09-30 09:21:37,Face,Check-In,1
7,Bryan Torres,2026-09-30 18:12:09,Face,Check-Out,1
2,Ferdinand Ramos,2026-10-01 08:52:14,Fingerprint,Check-In,1
2,Ferdinand Ramos,2026-10-01 12:01:40,Fingerprint,Break-Out,1
2,Ferdinand Ramos,2026-10-01 12:58:03,Fingerprint,Break-In,1
2,Ferdinand Ramos,2026-10-01 18:04:22,Fingerprint,Check-Out,1
3,Arnel Garcia,2026-10-01 09:21:37,Face,Check-In,1
3,Arnel Garcia,2026-10-01 18:12:09,Face,Check-Out,1
4,Jose Reyes,2026-10-01 08:47:51,Fingerprint,Check-In,1
4,Jose Reyes,2026-10-01 16:31:18,Fingerprint,Check-Out,1
5,Carlo Salazar,2026-10-01 08:58:06,Card,Check-In,1
5,Carlo Salazar,2026-10-01 08:58:31,Card,Check-In,1
5,Carlo Salazar,2026-10-01 18:00:44,Card,Check-Out,1
6,Noel Castillo,2026-10-01 09:03:12,Fingerprint,Check-In,1
7,Bryan Torres,2026-10-01 08:55:29,Face,Check-In,1
7,Bryan Torres,2026-10-01 18:30:02,Face,Check-Out,1
7,Bryan Torres,2026-10-01 19:00:15,Face,OT-In,1
7,Bryan Torres,2026-10-01 21:02:47,Face,OT-Out,1
9999,Unknown,2026-10-01 08:59:58,Fingerprint,Check-In,1
2,,2026-13-45 25:61:00,Fingerprint,Check-In,1
,,2026-10-01 09:10:00,Face,Check-In,1
